{"cameraMode":{"drawMode":0,"name":"Shaded","section":"Shading Mode"},"sceneLighting":true,"audioPlay":false,"sceneViewState":{"m_AlwaysRefresh":false,"showFog":true,"showSkybox":true,"showFlares":true,"showImageEffects":true,"showParticleSystems":true,"showVisualEffectGraphs":true,"m_FxEnabled":true},"in2DMode":false,"pivot":{"x":-6.744151592254639,"y":0.5835533142089844,"z":2.6482064723968508},"rotation":{"x":0.08843709528446198,"y":0.8635225892066956,"z":-0.162765771150589,"w":0.46913811564445498},"size":2.1876699924468996,"orthographic":false}